{
  "version": "2020.1",
  "applications": [],
  "platforms": [
    {
      "name": "SF3-APSoC-Plat"
    }
  ],
  "systems": [
    {
      "name": "SF3-APSoC-App0_system",
      "platform": "W:/wa/Vitis-Workspace-SF3-Zynq-Tester/SF3-APSoC-Plat/export/SF3-APSoC-Plat/SF3-APSoC-Plat.xpfm",
      "sysConfig": "SF3-APSoC-Plat",
      "applications": [
        {
          "name": "SF3-APSoC-App0",
          "platform": "W:/wa/Vitis-Workspace-SF3-Zynq-Tester/SF3-APSoC-Plat/export/SF3-APSoC-Plat/SF3-APSoC-Plat.xpfm",
          "platformPath": "W:\\wa\\Vitis-Workspace-SF3-Zynq-Tester\\SF3-APSoC-Plat\\export\\SF3-APSoC-Plat",
          "sysConfig": "SF3-APSoC-Plat",
          "domain": "freertos10_xilinx_domain",
          "system": "SF3-APSoC-App0_system"
        }
      ],
      "platformPath": "W:\\wa\\Vitis-Workspace-SF3-Zynq-Tester\\SF3-APSoC-Plat\\export\\SF3-APSoC-Plat"
    }
  ],
  "others": []
}