{
  "version": "2020.2",
  "applications": [],
  "platforms": [
    {
      "name": "SF-Tester-Zynq-Plat"
    }
  ],
  "systems": [
    {
      "name": "SF-Tester-Zynq-App0_system",
      "platform": "/home/timothystotts/Workareas/GitHub/Workspace-Vitis-SF3-Tester-Zynq/SF-Tester-Zynq-Plat/export/SF-Tester-Zynq-Plat/SF-Tester-Zynq-Plat.xpfm",
      "sysConfig": "SF-Tester-Zynq-Plat",
      "buildConfig": "Debug",
      "applications": [
        {
          "name": "SF-Tester-Zynq-App0",
          "platform": "/home/timothystotts/Workareas/GitHub/Workspace-Vitis-SF3-Tester-Zynq/SF-Tester-Zynq-Plat/export/SF-Tester-Zynq-Plat/SF-Tester-Zynq-Plat.xpfm",
          "platformPath": "/home/timothystotts/Workareas/GitHub/SF-Tester-Design-Zynq-Ws/SF-Tester-Zynq-Plat/export/SF-Tester-Zynq-Plat",
          "sysConfig": "SF-Tester-Zynq-Plat",
          "domain": "freertos10_xilinx_domain",
          "system": "SF-Tester-Zynq-App0_system"
        }
      ],
      "platformPath": "/home/timothystotts/Workareas/GitHub/SF-Tester-Design-Zynq-Ws/SF-Tester-Zynq-Plat/export/SF-Tester-Zynq-Plat"
    }
  ],
  "others": []
}