{
  "version": "2020.1",
  "applications": [],
  "platforms": [
    {
      "name": "SF3-APSoC-Plat"
    }
  ],
  "systems": [
    {
      "name": "SF3-APSoC-App0_system",
      "platform": "/home/timothystotts/Workareas/GitHub/Workspace-Vitis-SF3-Tester-Zynq/SF3-APSoC-Plat/export/SF3-APSoC-Plat/SF3-APSoC-Plat.xpfm",
      "sysConfig": "SF3-APSoC-Plat",
      "applications": [
        {
          "name": "SF3-APSoC-App0",
          "platform": "/home/timothystotts/Workareas/GitHub/Workspace-Vitis-SF3-Tester-Zynq/SF3-APSoC-Plat/export/SF3-APSoC-Plat/SF3-APSoC-Plat.xpfm",
          "platformPath": "/home/timothystotts/Workareas/GitHub/Workspace-Vitis-SF3-Tester-Zynq/SF3-APSoC-Plat/export/SF3-APSoC-Plat",
          "sysConfig": "SF3-APSoC-Plat",
          "domain": "freertos10_xilinx_domain",
          "system": "SF3-APSoC-App0_system"
        }
      ],
      "platformPath": "/home/timothystotts/Workareas/GitHub/Workspace-Vitis-SF3-Tester-Zynq/SF3-APSoC-Plat/export/SF3-APSoC-Plat"
    }
  ],
  "others": []
}